{"cameraMode":{"drawMode":0,"name":"Shaded","section":"Shading Mode"},"sceneLighting":true,"audioPlay":false,"sceneViewState":{"m_AlwaysRefresh":false,"showFog":true,"showSkybox":true,"showFlares":true,"showImageEffects":true,"showParticleSystems":true,"showVisualEffectGraphs":true,"m_FxEnabled":true},"in2DMode":false,"pivot":{"x":13.827600479125977,"y":0.02158316969871521,"z":-4.7890448570251469},"rotation":{"x":0.04020637646317482,"y":-0.39610952138900759,"z":0.017364371567964555,"w":0.9171609282493591},"size":11.717854499816895,"orthographic":false}