{"cameraMode":{"drawMode":0,"name":"Shaded","section":"Shading Mode"},"sceneLighting":true,"audioPlay":false,"sceneViewState":{"m_AlwaysRefresh":false,"showFog":true,"showSkybox":true,"showFlares":true,"showImageEffects":true,"showParticleSystems":true,"showVisualEffectGraphs":true,"m_FxEnabled":true},"in2DMode":false,"pivot":{"x":92.50879669189453,"y":-149.1538543701172,"z":299.6816711425781},"rotation":{"x":0.22462110221385957,"y":0.15417978167533875,"z":-0.03601882979273796,"w":0.9614974856376648},"size":208.05015563964845,"orthographic":false}