{"cameraMode":{"drawMode":0,"name":"Shaded","section":"Shading Mode"},"sceneLighting":true,"audioPlay":false,"sceneViewState":{"m_AlwaysRefresh":false,"showFog":true,"showSkybox":true,"showFlares":true,"showImageEffects":true,"showParticleSystems":true,"showVisualEffectGraphs":true,"m_FxEnabled":true},"in2DMode":false,"pivot":{"x":0.7937551736831665,"y":1.2292451858520508,"z":0.1630861759185791},"rotation":{"x":0.08560941368341446,"y":-0.9096097350120544,"z":0.23450811207294465,"w":0.33214864134788515},"size":2.4482712745666506,"orthographic":false}